tract,State,County,Latitude,Longitude,RUCA Urbanicity,% Insured,Population,Population Density,Avg Household Size,Unemployment,Median Age,% Male,% White,% Black,% Native,% Asian,% Hawaiian/PI,% Other Race,% Multi-race,% Hispanic/Latino,% Ed. < HS,% Ed. HS Grad.,% Ed. College Grad.,Median Income,% Poverty,MH Provider Count,MH Provider per 1000 Pop.
33001965100,NH,Belknap County,,,6,91.6,3280,65.6,2.5,4.2,47.3,48.8,91.7,1.7,0.2,2.9,0.0,0.0,3.5,0.9,4.7,25.2,70.1,32821.0,8.4,0,0
33001965200,NH,Belknap County,,,10,92.6,3196,233.284671532847,2.42,6.5,41.6,48.1,95.4,0.0,0.0,0.5,0.0,0.0,4.1,4.1,6.8,21.9,71.3,30979.0,18.0,0,0
33001965300,NH,Belknap County,,,5,92.5,3158,120.534351145038,2.28,2.6,51.4,48.9,98.5,1.0,0.0,0.2,0.0,0.0,0.2,1.1,7.0,18.8,74.1,33750.0,5.8,0,0
33001965400,NH,Belknap County,43.483826,-71.60302,5,94.0,2976,62.5210084033613,2.48,4.4,50.1,50.2,98.8,0.5,0.0,0.0,0.0,0.0,0.7,2.1,4.3,26.2,69.5,30738.0,2.9,1,0.336021505376344
33001965598,NH,Belknap County,,,4,84.2,3567,321.351351351351,2.19,5.0,49.1,53.1,95.2,1.1,0.5,0.5,0.0,0.5,2.2,3.7,7.8,41.0,51.2,28201.0,11.8,0,0
33001965600,NH,Belknap County,,,6,94.9,3744,65.4545454545455,2.66,4.2,46.0,50.1,94.2,0.2,0.3,2.6,0.0,0.3,2.4,1.9,3.1,30.8,66.1,33750.0,9.6,0,0
33001965700,NH,Belknap County,,,5,87.0,4631,110.261904761905,2.75,6.2,41.8,49.2,99.0,0.0,0.0,0.3,0.0,0.0,0.6,0.7,5.9,33.1,61.1,32091.0,5.1,0,0
33001965800,NH,Belknap County,,,5,88.2,7281,238.72131147541,2.67,4.5,43.8,46.3,98.8,0.0,0.0,0.1,0.0,0.0,1.1,3.1,15.0,34.8,50.2,30080.0,8.6,0,0
33001965900,NH,Belknap County,43.5301621846154,-71.4660605846154,4,88.9,4004,2669.33333333333,2.27,7.4,43.1,45.3,97.1,0.0,0.0,0.0,0.0,0.0,2.8,2.5,14.0,38.3,47.7,21009.0,19.2,13,3.24675324675325
33001966000,NH,Belknap County,43.53037645,-71.4724042,4,80.6,5281,754.428571428571,2.49,11.4,36.2,51.5,97.3,0.0,0.2,1.0,0.0,0.6,1.0,0.0,15.5,34.1,50.4,24073.0,21.5,2,0.378716152243893
33001966100,NH,Belknap County,,,4,90.6,3789,592.03125,2.13,5.7,50.1,47.7,96.4,0.0,0.0,1.8,0.0,0.0,1.8,1.5,6.2,29.1,64.8,34726.0,7.7,0,0
33001966200,NH,Belknap County,,,4,89.7,3097,607.254901960784,2.39,3.2,47.2,47.9,94.6,3.1,0.3,0.9,0.0,0.0,1.1,0.0,9.9,28.2,62.0,28137.0,15.4,0,0
33001966401,NH,Belknap County,43.581696,-71.38949,6,92.1,1288,252.549019607843,2.11,1.1,57.5,51.2,98.5,0.0,0.7,0.0,0.0,0.0,0.8,3.0,3.6,23.5,72.9,37258.0,4.3,1,0.77639751552795
33001966402,NH,Belknap County,43.5346522466667,-71.4300814783334,4,91.0,5815,172.041420118343,2.28,2.2,49.8,46.1,97.1,0.0,0.4,2.4,0.0,0.0,0.1,0.0,7.1,27.4,65.5,30802.0,8.5,6,1.03181427343078
33001966500,NH,Belknap County,,,6,89.0,5285,84.0222575516693,2.54,4.3,45.8,53.1,94.4,1.4,1.1,1.9,0.0,0.6,0.5,0.7,4.6,26.8,68.6,36278.0,5.8,0,0
33003955100,NH,Carroll County,44.11227381,-71.24098384,10,90.0,4052,24.8894348894349,2.08,5.7,51.1,50.6,98.2,0.0,0.0,0.4,0.0,0.0,1.3,0.4,4.3,16.7,79.0,28424.0,8.3,1,0.246791707798618
33003955300,NH,Carroll County,44.016691255,-71.121612685,7,86.4,6312,64.8049281314168,2.2,2.1,48.2,51.6,95.2,0.8,0.0,0.7,0.0,0.0,3.2,1.1,5.5,26.8,67.8,27025.0,13.3,2,0.316856780735108
33003955400,NH,Carroll County,43.978672,-71.12496,7,85.8,4072,141.388888888889,2.42,3.7,41.2,46.9,93.8,0.0,0.2,3.0,0.0,0.0,3.0,0.4,5.2,37.2,57.7,31134.0,11.2,1,0.245579567779961
33003955500,NH,Carroll County,,,10,84.3,2820,44.9044585987261,2.3,5.1,50.4,49.6,97.4,0.6,0.0,0.0,0.0,0.0,2.0,0.2,5.4,38.6,56.0,29673.0,8.5,0,0
33003955600,NH,Carroll County,,,10,87.5,5028,22.3964365256125,2.12,4.7,53.4,50.8,98.5,0.7,0.1,0.0,0.0,0.1,0.6,0.5,5.3,31.8,62.8,26932.0,10.2,0,0
33003955800,NH,Carroll County,,,10,84.2,2676,36.4577656675749,2.32,9.3,51.8,49.5,99.0,0.1,0.0,0.2,0.0,0.0,0.7,0.1,8.2,36.9,54.9,23977.0,14.0,0,0
33003955900,NH,Carroll County,,,10,85.6,4273,60.3531073446328,2.21,2.6,49.2,47.8,95.6,1.4,0.6,0.0,0.0,0.0,2.5,2.8,15.5,41.8,42.7,23435.0,19.0,0,0
33003956000,NH,Carroll County,,,2,90.3,5835,93.6597110754414,2.53,4.3,51.3,51.8,98.6,0.1,0.4,0.5,0.0,0.0,0.5,1.3,7.6,32.8,59.6,25823.0,5.6,0,0
33003956100,NH,Carroll County,43.591114,-71.21159,10,89.5,6208,129.603340292276,2.2,10.2,54.4,50.1,98.4,0.0,0.0,0.9,0.0,0.0,0.6,3.4,7.9,24.6,67.6,27656.0,9.2,1,0.161082474226804
33003956300,NH,Carroll County,,,10,86.1,4042,67.9327731092437,2.25,3.8,53.9,49.7,97.8,0.0,0.0,1.1,0.2,0.2,0.7,1.0,2.9,24.1,73.0,37169.0,4.6,0,0
33003956400,NH,Carroll County,,,10,84.9,2098,51.2958435207824,2.27,6.4,53.5,46.4,98.9,0.0,0.0,0.0,0.0,0.6,0.5,2.8,3.9,26.4,69.7,27310.0,6.8,0,0
33005970100,NH,Cheshire County,,,5,92.5,4263,43.9484536082474,2.42,4.9,47.8,50.7,98.3,0.3,0.0,0.1,0.0,0.6,0.7,1.8,8.4,34.0,57.6,30046.0,10.9,0,0
33005970200,NH,Cheshire County,,,7,92.6,3747,106.448863636364,2.36,5.0,45.2,52.5,97.4,0.0,0.6,0.4,0.0,1.3,0.3,1.6,4.2,26.2,69.6,35319.0,4.5,0,0
33005970400,NH,Cheshire County,,,5,91.6,5014,33.4712950600801,2.35,3.9,49.8,50.0,98.2,0.6,0.1,0.2,0.0,0.1,0.8,1.6,4.8,29.0,66.3,31481.0,5.6,0,0
33005970500,NH,Cheshire County,42.8271249,-72.0495433,7,86.4,5337,139.34725848564,2.49,4.2,46.2,51.6,97.7,0.0,0.2,1.9,0.0,0.0,0.2,0.0,9.4,33.1,57.5,27500.0,14.2,1,0.18737118231216
33005970600,NH,Cheshire County,,,10,89.9,5907,158.790322580645,2.69,5.8,31.1,49.8,91.7,2.6,0.0,2.1,0.0,0.2,3.5,1.7,6.6,35.2,58.1,23481.0,8.8,0,0
33005970700,NH,Cheshire County,,,6,87.5,3580,49.584487534626,2.46,6.2,47.3,49.4,97.1,0.1,0.1,0.5,0.0,0.2,2.1,0.7,10.2,37.3,52.6,27731.0,5.6,0,0
33005970800,NH,Cheshire County,,,5,87.4,4096,108.359788359788,2.33,2.3,43.8,50.2,95.2,1.2,0.2,1.3,0.1,0.2,1.8,0.9,8.0,36.6,55.4,29280.0,7.5,0,0
33005970900,NH,Cheshire County,,,5,90.5,7182,159.6,2.5,3.4,44.3,50.0,96.5,0.0,0.5,1.6,0.0,0.8,0.7,3.0,10.3,39.7,49.9,25271.0,13.1,0,0
33005971000,NH,Cheshire County,42.9494190070588,-72.2948127647059,4,93.0,5803,442.977099236641,2.25,2.4,46.1,45.7,89.5,1.1,0.0,4.4,0.0,0.0,5.1,1.7,7.1,21.9,70.9,34752.0,8.3,17,2.92951921419955
33005971100,NH,Cheshire County,42.9327467,-72.27283403,4,88.7,5180,750.724637681159,2.1,4.5,34.8,52.6,92.9,1.3,0.0,1.3,0.0,1.9,2.6,2.9,6.4,26.9,66.7,24007.0,18.2,10,1.93050193050193
33005971300,NH,Cheshire County,42.9377488333333,-72.2786316666667,4,92.2,3157,3157.0,2.04,5.7,37.3,41.2,94.2,0.9,0.0,1.5,0.0,0.0,3.4,3.0,6.0,36.6,57.4,23964.0,19.4,6,1.90053848590434
33005971401,NH,Cheshire County,42.928483434,-72.281811356,4,92.0,5575,857.692307692308,2.19,8.2,20.9,42.3,93.8,1.7,0.6,0.4,0.0,1.1,2.5,2.2,6.5,40.0,53.4,5362.0,29.2,10,1.79372197309417
33005971402,NH,Cheshire County,,,4,94.2,3822,390.0,2.16,8.3,45.0,49.1,94.6,0.0,0.0,2.7,0.0,0.0,2.7,2.2,4.1,19.9,76.0,40315.0,10.3,0,0
33005971500,NH,Cheshire County,42.9640534,-72.4334872,5,95.9,5475,67.3431734317343,2.54,5.2,48.8,48.5,98.7,0.1,0.0,0.3,0.4,0.1,0.4,1.1,3.6,28.9,67.5,36896.0,4.5,1,0.182648401826484
33005971600,NH,Cheshire County,,,8,85.5,3937,191.116504854369,2.21,5.4,44.9,46.3,98.4,0.8,0.0,0.1,0.0,0.5,0.2,1.1,9.1,43.7,47.1,24498.0,11.0,0,0
33005971700,NH,Cheshire County,,,5,85.0,4245,77.1818181818182,2.45,9.1,40.9,50.1,97.4,0.0,0.5,0.6,0.0,0.0,1.5,1.0,11.3,51.3,37.5,25477.0,11.2,0,0
33007950100,NH,Coos County,45.1073063,-71.2538415,10,87.5,1970,4.83910587079342,2.0,6.0,55.3,51.8,98.2,0.4,0.3,0.0,0.0,0.0,1.1,0.5,12.2,43.8,44.1,22490.0,12.1,1,0.50761421319797
33007950200,NH,Coos County,,,10,83.8,2927,28.980198019802,2.17,8.1,49.6,51.5,98.7,0.1,0.5,0.4,0.0,0.0,0.3,0.9,12.0,35.5,52.5,25248.0,16.1,0,0
33007950300,NH,Coos County,,,5,87.6,1978,4.33201927288655,2.2,5.4,51.2,52.8,99.3,0.1,0.0,0.1,0.0,0.0,0.6,2.4,9.8,39.7,50.4,27481.0,7.8,0,0
33007950400,NH,Coos County,,,10,88.2,3386,15.503663003663,2.3,6.5,49.3,52.9,98.0,0.7,0.3,0.2,0.0,0.0,0.8,0.2,15.1,42.6,42.2,20475.0,13.5,0,0
33007950500,NH,Coos County,,,10,90.0,3381,44.7814569536424,2.28,4.0,46.1,50.2,98.9,0.2,0.0,0.0,0.0,0.0,0.9,0.3,7.5,36.2,56.4,27028.0,6.7,0,0
33007950600,NH,Coos County,44.488224,-71.16084,4,89.3,4435,642.753623188406,2.19,14.4,37.0,66.8,83.4,12.0,0.0,0.0,0.0,2.7,1.9,7.1,17.1,46.5,36.5,16641.0,28.5,1,0.225479143179256
33007950700,NH,Coos County,44.49036,-71.16533,4,91.3,3375,344.387755102041,2.25,6.4,46.8,47.2,99.2,0.0,0.0,0.0,0.0,0.3,0.5,0.9,12.0,36.6,51.5,24144.0,11.7,3,0.888888888888889
33007950800,NH,Coos County,44.48042992,-71.2355986066667,4,85.5,2344,52.2048997772829,1.97,6.3,48.6,49.6,98.6,0.3,0.3,0.0,0.0,0.0,0.8,0.5,14.1,50.5,35.5,23409.0,16.0,3,1.27986348122867
33007950900,NH,Coos County,,,4,91.9,3112,19.9359385009609,2.16,2.3,48.2,50.6,98.7,0.0,1.0,0.0,0.0,0.0,0.3,1.5,7.6,34.1,58.3,27639.0,8.1,0,0
33007951000,NH,Coos County,,,6,88.1,2285,8.90144137125049,2.25,5.8,50.7,52.8,98.5,1.0,0.0,0.1,0.0,0.0,0.4,0.6,8.5,28.9,62.6,27281.0,9.1,0,0
33007951100,NH,Coos County,,,8,88.1,3026,49.0437601296596,2.04,8.2,51.0,50.5,96.4,1.0,1.1,0.1,0.0,0.0,1.5,0.6,14.2,34.8,51.0,24500.0,14.7,0,0
33009960100,NH,Grafton County,44.3051397777778,-71.7799411111111,7,91.9,5918,118.12375249501,2.26,6.0,43.3,47.3,97.6,0.5,0.4,0.8,0.0,0.0,0.7,2.3,11.6,30.9,57.4,23666.0,18.1,9,1.52078404866509
33009960200,NH,Grafton County,,,10,90.4,4273,24.6566647432198,2.25,4.3,51.4,48.8,97.0,0.0,1.9,0.7,0.0,0.0,0.4,1.3,5.7,20.1,74.2,28429.0,11.3,0,0
33009960300,NH,Grafton County,,,10,89.5,5015,28.788748564868,2.59,6.5,47.7,52.3,97.7,0.3,0.1,0.4,0.0,0.2,1.3,1.0,11.8,34.2,54.1,26339.0,10.3,0,0
33009960400,NH,Grafton County,,,10,88.4,3530,11.4239482200647,2.25,6.2,48.9,54.1,96.0,0.2,0.1,2.7,0.0,0.0,1.0,1.0,9.9,31.9,58.2,29927.0,11.1,0,0
33009960500,NH,Grafton County,,,10,85.5,2342,15.0804893754024,2.41,7.3,49.2,49.4,96.5,0.3,0.2,0.4,0.4,0.0,2.1,2.3,10.0,38.0,51.9,22228.0,12.7,0,0
33009960600,NH,Grafton County,,,10,85.2,4617,90.5294117647059,2.45,7.9,42.5,48.3,95.5,0.5,0.0,1.0,0.0,0.1,3.0,1.3,13.9,36.6,49.5,26375.0,9.2,0,0
33009960700,NH,Grafton County,,,5,86.4,3137,24.7788309636651,2.54,4.6,46.8,47.1,95.6,1.9,0.2,0.9,0.0,0.8,0.4,1.5,7.7,30.3,62.0,32255.0,8.2,0,0
33009960800,NH,Grafton County,43.807114,-71.74021,10,86.7,5054,43.9860748476936,2.25,2.7,50.6,49.0,93.0,0.0,0.6,1.4,0.2,0.0,4.8,0.0,5.1,31.5,63.3,31044.0,8.0,1,0.197863078749505
33009960900,NH,Grafton County,43.8198106666667,-72.1221141333333,10,90.0,3283,21.0583707504811,2.41,4.7,51.2,50.6,95.6,0.3,0.4,1.0,0.0,0.2,2.5,4.1,7.4,23.2,69.4,35433.0,6.9,3,0.913798355162961
33009961000,NH,Grafton County,43.74829864,-71.6935863325,7,89.7,6659,236.975088967971,2.6,7.2,22.3,50.8,91.3,2.4,0.0,3.0,0.2,0.2,3.0,4.0,7.9,29.4,62.7,12280.0,20.5,4,0.600690794413576
33009961100,NH,Grafton County,,,6,86.0,4554,109.734939759036,2.48,3.0,44.4,48.2,97.0,1.7,0.4,0.0,0.0,0.0,0.9,1.0,3.7,30.8,65.5,26464.0,13.6,0,0
33009961200,NH,Grafton County,,,10,89.2,4037,105.404699738903,2.32,2.9,47.2,50.6,99.0,0.0,0.0,0.2,0.0,0.0,0.8,0.5,8.6,35.5,56.0,30436.0,9.1,0,0
33009961300,NH,Grafton County,,,10,85.9,3382,31.3729128014842,2.6,8.2,47.4,50.1,95.2,2.3,0.4,0.7,0.0,0.1,1.1,1.3,8.8,44.0,47.1,27288.0,9.9,0,0
33009961400,NH,Grafton County,,,5,83.7,3907,73.3020637898687,2.56,4.1,44.7,45.2,95.8,0.3,0.0,0.0,0.0,0.2,3.7,1.9,11.9,34.1,54.0,28634.0,12.1,0,0
33009961500,NH,Grafton County,,,5,90.6,4557,113.076923076923,2.24,3.4,46.0,46.2,99.6,0.4,0.0,0.0,0.0,0.0,0.0,1.2,8.5,26.9,64.6,34781.0,4.7,0,0
33009961601,NH,Grafton County,,,5,97.0,2889,64.9213483146067,2.82,1.2,46.3,52.4,93.5,0.7,0.0,3.6,0.0,0.0,2.2,1.5,1.1,7.8,91.2,53342.0,1.2,0,0
33009961602,NH,Grafton County,43.7058883640741,-72.2830193603704,4,98.6,8482,1884.88888888889,2.4,2.6,22.0,50.2,80.8,2.9,0.5,12.3,0.1,0.4,3.0,3.2,2.4,4.8,92.8,8113.0,17.9,27,3.18321150672011
33009961700,NH,Grafton County,43.6489733714286,-72.2511130428572,4,90.0,7809,443.693181818182,2.04,3.2,38.7,45.9,83.3,1.3,2.5,8.5,0.5,0.6,3.3,5.6,5.8,24.4,69.8,32400.0,18.9,7,0.896401587911384
33009961800,NH,Grafton County,43.6382335224,-72.2548263048,4,92.7,5719,251.938325991189,2.23,3.6,40.5,51.5,89.6,0.0,0.3,8.4,0.0,0.4,1.3,1.9,7.3,28.1,64.6,37020.0,6.2,25,4.37139360027977
33011000101,NH,Hillsborough County,43.0075156,-71.4611812833333,1,97.3,2797,2797.0,2.28,2.0,45.2,52.5,93.1,1.7,0.0,2.5,0.0,0.0,2.8,4.0,7.2,14.0,78.9,46984.0,8.2,6,2.14515552377547
33011000102,NH,Hillsborough County,,,1,93.0,5036,2962.35294117647,2.22,4.1,34.8,47.9,83.4,3.5,0.2,11.1,0.0,0.3,1.6,2.1,5.7,17.0,77.3,29768.0,15.3,0,0
33011000202,NH,Hillsborough County,,,1,88.7,2465,2240.90909090909,2.73,7.8,34.8,48.4,95.4,1.9,0.2,0.2,0.0,0.4,1.9,3.8,11.6,35.4,53.0,26585.0,21.3,0,0
33011000203,NH,Hillsborough County,,,1,92.1,3308,4725.71428571429,1.82,0.4,44.2,45.1,83.9,5.4,0.0,7.2,0.0,0.0,3.4,4.0,7.3,30.8,61.9,29970.0,13.2,0,0
33011000204,NH,Hillsborough County,,,1,89.2,5104,1501.17647058824,2.1,4.6,35.4,49.6,72.1,9.2,0.0,14.5,0.0,1.4,2.8,7.7,5.6,30.2,64.2,30849.0,11.6,0,0
33011000300,NH,Hillsborough County,,,1,91.7,2790,13950.0,2.19,7.0,38.5,53.2,94.8,2.3,0.6,1.6,0.0,0.4,0.3,5.7,16.5,38.3,45.2,25701.0,13.7,0,0
33011000600,NH,Hillsborough County,43.0036606,-71.4625044833333,1,85.0,1979,9895.0,1.64,4.6,44.7,53.9,91.6,2.7,0.0,4.3,0.0,0.0,1.4,0.0,6.1,40.7,53.3,28343.0,13.4,6,3.03183425972713
33011000700,NH,Hillsborough County,43.005856,-71.45559,1,93.1,3086,6172.0,2.37,1.3,41.9,47.7,95.8,1.6,0.0,1.9,0.0,0.0,0.7,2.7,6.0,16.4,77.5,34536.0,7.9,1,0.324044069993519
33011000800,NH,Hillsborough County,,,1,89.4,2577,12885.0,2.4,6.7,37.8,43.6,86.2,6.1,0.3,0.6,0.0,0.3,6.4,5.2,14.0,26.6,59.4,22468.0,18.4,0,0
33011000901,NH,Hillsborough County,43.011486235,-71.4397351966666,1,91.1,3405,3095.45454545455,2.28,3.0,39.4,49.1,91.7,5.9,0.0,0.4,0.0,0.0,1.9,2.2,11.3,26.6,62.1,35353.0,4.3,12,3.52422907488987
33011000902,NH,Hillsborough County,43.01006,-71.42247,1,94.5,5972,3143.15789473684,2.54,4.7,32.7,54.0,83.4,9.1,0.0,5.2,0.0,0.4,1.9,6.8,3.9,25.6,70.5,38042.0,8.7,1,0.167448091091762
33011001000,NH,Hillsborough County,42.9956,-71.40217,1,93.7,5656,1178.33333333333,2.36,3.7,41.3,46.6,93.2,0.2,0.0,4.3,0.0,0.8,1.4,1.3,7.5,27.9,64.6,39417.0,5.0,1,0.176803394625177
33011001100,NH,Hillsborough County,,,1,91.1,5132,2701.05263157895,2.56,7.0,41.9,47.8,89.9,6.2,0.0,1.3,0.0,1.3,1.2,3.1,3.9,35.5,60.6,35608.0,2.6,0,0
33011001200,NH,Hillsborough County,,,1,88.9,1855,6183.33333333333,2.33,4.6,45.3,47.9,96.2,1.4,0.0,0.3,0.0,0.9,1.1,12.9,9.0,35.6,55.5,32470.0,12.1,0,0
33011001300,NH,Hillsborough County,,,1,73.8,2846,14230.0,2.06,6.0,32.3,54.5,80.9,6.1,0.0,5.9,0.0,3.3,3.8,20.8,23.4,30.9,45.7,23259.0,26.7,0,0
33011001400,NH,Hillsborough County,,,1,83.1,2287,11435.0,2.24,17.1,35.8,56.2,64.8,16.6,1.6,4.0,0.0,10.7,2.4,26.0,26.8,36.4,36.7,14500.0,34.9,0,0
33011001500,NH,Hillsborough County,,,1,75.1,2732,27320.0,2.81,9.5,29.8,50.5,77.1,10.5,0.0,7.9,0.0,1.6,2.8,24.4,30.6,35.7,33.7,17500.0,32.5,0,0
33011001600,NH,Hillsborough County,42.98505,-71.44922,1,77.8,4625,15416.6666666667,3.28,10.2,30.3,47.8,76.3,3.2,0.6,14.4,0.0,2.1,3.3,19.2,24.2,42.8,33.0,19275.0,30.1,4,0.864864864864865
33011001700,NH,Hillsborough County,42.9850201125,-71.4391861625,1,88.0,2120,7066.66666666667,2.11,5.4,36.5,49.7,91.3,1.8,0.0,4.5,0.0,2.4,0.0,40.5,20.7,37.3,42.1,31193.0,12.9,8,3.77358490566038
33011001800,NH,Hillsborough County,42.97511,-71.44438,1,88.8,5576,9293.33333333334,2.5,4.6,36.5,49.2,86.6,2.2,0.0,2.7,0.0,1.8,6.7,8.8,11.5,38.5,50.1,29293.0,13.0,1,0.179340028694405
33011001900,NH,Hillsborough County,,,1,79.2,3262,5436.66666666667,2.68,9.8,29.2,57.0,85.6,7.5,0.2,2.6,0.0,3.1,0.9,18.2,27.5,35.8,36.7,18956.0,31.9,0,0
33011002000,NH,Hillsborough County,,,1,83.3,2262,11310.0,2.42,12.8,30.9,48.7,71.9,9.8,0.0,9.5,0.0,3.2,5.5,15.3,31.5,34.8,33.7,16280.0,29.9,0,0
33011002100,NH,Hillsborough County,42.9926479454546,-71.4730007272727,1,83.0,5208,8680.0,2.73,10.6,30.9,51.6,85.5,4.0,0.2,4.0,0.0,3.9,2.4,13.5,17.0,32.4,50.6,25493.0,24.8,11,2.11213517665131
33011002200,NH,Hillsborough County,,,1,91.8,3468,4954.28571428571,2.33,11.9,38.2,47.9,98.5,0.3,0.0,0.2,0.0,1.0,0.0,8.1,18.5,24.8,56.6,27334.0,14.4,0,0
33011002300,NH,Hillsborough County,,,1,89.9,3576,4470.0,2.34,8.1,36.5,52.2,87.9,5.2,0.0,4.1,0.0,1.8,1.0,6.2,8.4,38.4,53.2,33849.0,7.0,0,0
33011002400,NH,Hillsborough County,,,1,86.7,7418,4636.25,2.52,6.8,36.2,51.4,83.3,10.8,0.0,2.7,0.0,1.0,2.3,7.1,16.1,35.6,48.4,31345.0,15.2,0,0
33011002500,NH,Hillsborough County,,,1,87.8,5324,3131.76470588235,2.39,4.4,43.5,51.0,90.0,2.5,0.0,2.3,0.0,0.0,5.3,2.9,11.6,33.6,54.8,31106.0,6.4,0,0
33011002600,NH,Hillsborough County,42.9533374,-71.44427262,1,92.9,5804,1209.16666666667,2.8,3.3,40.3,49.9,90.0,0.0,0.0,7.5,0.0,0.0,2.4,5.9,6.4,31.6,62.0,36522.0,3.6,1,0.172294968986906
33011002701,NH,Hillsborough County,,,1,95.2,3848,270.985915492958,2.71,1.9,44.6,49.9,98.9,0.0,0.2,0.3,0.0,0.0,0.6,0.0,4.8,31.0,64.2,40419.0,4.2,0,0
33011002702,NH,Hillsborough County,,,1,96.8,6033,389.225806451613,2.55,5.9,43.5,48.9,98.2,0.5,0.0,0.4,0.0,0.0,1.0,1.2,1.9,25.9,72.1,44498.0,1.5,0,0
33011002800,NH,Hillsborough County,,,1,94.0,8007,1127.74647887324,2.38,4.7,34.9,43.9,95.6,2.1,0.0,0.4,0.0,0.7,1.2,3.9,16.5,30.7,52.9,17148.0,11.7,0,0
33011002901,NH,Hillsborough County,42.9555156666667,-71.5039606666667,1,96.3,7590,751.485148514852,2.63,3.9,45.3,47.2,90.5,3.2,0.0,5.4,0.0,0.2,0.8,1.1,4.2,18.4,77.5,46363.0,2.5,3,0.395256916996047
33011002902,NH,Hillsborough County,42.961383028,-71.481828176,1,97.0,6311,693.516483516484,2.66,4.8,46.2,49.4,96.5,0.6,0.0,1.4,0.0,0.0,1.5,2.7,5.3,23.9,70.7,40149.0,3.3,5,0.792267469497702
33011002903,NH,Hillsborough County,42.9274282066667,-71.5414714866667,1,98.6,7978,586.617647058824,3.23,1.5,38.7,49.2,94.9,0.0,0.0,2.7,0.0,0.0,2.4,2.1,1.1,7.7,91.3,71025.0,0.3,3,0.376034093757834
33011010100,NH,Hillsborough County,,,1,97.1,5002,2273.63636363636,2.52,5.0,46.7,47.2,92.3,1.9,0.0,4.3,0.0,0.2,1.3,10.0,5.4,24.3,70.3,42383.0,5.0,0,0
33011010200,NH,Hillsborough County,42.7900634775,-71.52084762,1,91.6,7723,1430.18518518519,2.36,7.6,34.7,49.4,85.1,2.0,0.0,9.0,0.0,2.4,1.5,9.7,6.1,26.8,67.0,33612.0,7.9,12,1.55380033665674
33011010301,NH,Hillsborough County,42.756195,-71.516716,1,94.6,4317,2878.0,2.39,2.3,42.4,53.2,87.9,0.0,0.2,7.5,0.0,0.2,4.3,6.2,3.7,15.3,80.9,46867.0,3.7,1,0.231642344220523
33011010302,NH,Hillsborough County,42.7671381,-71.4943549,1,90.4,4233,3527.5,2.49,3.9,44.3,44.9,95.2,0.2,0.0,3.3,0.0,0.7,0.6,9.8,5.4,32.5,62.0,32500.0,6.3,2,0.47247814788566
33011010400,NH,Hillsborough County,42.7696584,-71.4826057,1,89.4,5085,3390.0,2.64,8.6,40.1,47.0,90.6,1.9,0.0,1.8,0.0,1.2,4.5,6.7,7.7,21.4,70.9,30903.0,10.5,1,0.196656833824975
33011010500,NH,Hillsborough County,42.7653128,-71.467699665,1,78.8,4076,10190.0,2.32,13.8,32.8,54.5,87.5,3.9,0.0,0.4,0.2,1.0,7.1,30.3,15.3,29.8,54.9,18617.0,29.2,40,9.8135426889107
33011010600,NH,Hillsborough County,42.7633233,-71.4660524,1,81.8,5368,5964.44444444444,2.28,8.1,36.8,46.0,74.6,15.0,0.0,3.6,0.0,2.7,4.0,20.8,13.3,31.9,54.8,27766.0,16.7,1,0.18628912071535
33011010700,NH,Hillsborough County,42.757497739697,-71.4615654933334,1,86.9,1399,4663.33333333333,1.61,5.4,49.9,47.5,80.6,7.8,0.4,2.6,0.0,2.8,5.9,15.2,22.7,37.1,40.2,19627.0,25.0,33,23.5882773409578
33011010800,NH,Hillsborough County,42.7569348842105,-71.4858703789474,1,73.0,7482,7482.0,2.6,9.1,31.9,52.8,82.7,3.6,1.1,0.8,0.0,2.6,9.3,35.6,24.1,38.6,37.3,20239.0,35.4,19,2.53942796043839
33011010900,NH,Hillsborough County,42.7502848666667,-71.4805171,1,93.8,6870,6245.45454545455,2.92,4.0,36.5,47.7,89.6,1.9,0.0,2.8,0.2,3.3,2.2,16.7,11.1,40.9,48.0,26721.0,10.3,3,0.436681222707424
33011011000,NH,Hillsborough County,,,1,95.0,5117,2558.5,2.63,4.3,38.7,46.7,92.0,1.9,0.0,2.1,0.0,1.0,3.0,5.7,9.2,21.6,69.2,31505.0,6.6,0,0
33011011101,NH,Hillsborough County,42.703922,-71.45279,1,91.3,3549,8872.5,2.03,2.8,31.8,44.7,73.1,3.0,0.1,21.1,0.0,0.5,2.2,5.8,2.9,20.7,76.4,40847.0,5.7,1,0.281769512538743
33011011102,NH,Hillsborough County,42.717632,-71.44238,1,92.3,3276,2730.0,1.91,4.0,31.7,53.6,63.9,3.5,0.4,28.8,0.3,0.3,2.7,6.3,6.5,21.7,71.8,38027.0,14.2,2,0.610500610500611
33011011200,NH,Hillsborough County,42.7200213666667,-71.4615291,1,95.3,6492,2094.1935483871,2.55,5.0,46.2,50.8,76.8,4.4,0.0,16.0,0.0,0.7,2.1,5.4,7.2,9.3,83.5,51509.0,1.0,3,0.462107208872458
33011011300,NH,Hillsborough County,42.7328505,-71.47734455,1,96.6,4662,3885.0,2.91,4.7,45.7,47.9,90.7,2.0,0.1,2.7,0.0,0.6,3.9,2.4,7.2,28.1,64.7,31198.0,6.0,2,0.429000429000429
33011011401,NH,Hillsborough County,42.73405,-71.52093,1,97.3,5458,1299.52380952381,2.54,4.7,42.9,48.4,83.6,0.3,0.0,13.2,0.0,0.0,2.8,8.5,7.5,23.3,69.2,41426.0,2.5,1,0.183217295712715
33011011402,NH,Hillsborough County,,,1,91.6,5021,3138.125,2.68,6.3,39.9,50.7,79.7,3.8,0.0,14.1,0.0,1.5,0.8,6.0,8.7,19.9,71.4,40530.0,6.4,0,0
33011011500,NH,Hillsborough County,42.7465657,-71.5012178,1,92.5,2149,1343.125,1.97,4.5,54.5,46.4,92.2,0.0,0.0,2.4,0.0,0.0,5.4,5.4,15.8,31.6,52.6,25902.0,6.0,1,0.465332712889716
33011012100,NH,Hillsborough County,,,1,95.8,8072,747.407407407407,2.81,7.9,41.0,47.5,95.8,1.0,0.0,2.8,0.0,0.0,0.4,0.0,5.9,24.2,69.9,42813.0,3.1,0,0
33011012200,NH,Hillsborough County,,,1,91.8,7961,2653.66666666667,2.63,6.0,39.6,49.6,94.6,1.6,0.0,1.3,0.2,0.4,1.8,7.6,10.8,31.4,57.7,33155.0,13.0,0,0
33011012300,NH,Hillsborough County,42.72011,-71.38813,1,96.3,8775,609.375,2.89,4.3,41.8,49.6,94.5,0.7,0.0,3.6,0.0,0.3,0.8,0.8,6.9,26.7,66.4,40507.0,1.7,1,0.113960113960114
33011013100,NH,Hillsborough County,,,1,97.7,8382,558.8,2.81,5.2,41.1,51.8,98.6,0.0,0.6,0.3,0.0,0.0,0.5,2.8,7.7,27.4,64.9,42006.0,3.9,0,0
33011014100,NH,Hillsborough County,42.88081,-71.48008,1,89.5,5352,907.118644067797,2.04,8.1,45.0,46.4,97.9,0.0,0.3,1.1,0.0,0.0,0.7,1.3,5.9,24.3,69.9,39776.0,6.7,1,0.186846038863976
33011014201,NH,Hillsborough County,,,1,96.1,6033,628.4375,2.92,5.1,42.1,51.7,92.9,0.7,0.0,1.1,0.0,1.1,4.2,5.3,2.9,22.1,75.1,45675.0,3.8,0,0
33011014202,NH,Hillsborough County,,,1,94.2,6032,1182.74509803922,2.73,2.6,38.9,51.3,94.8,0.8,0.0,2.4,0.0,1.5,0.6,0.2,5.6,30.1,64.3,41727.0,3.5,0,0
33011014300,NH,Hillsborough County,42.85470195,-71.51899956,1,96.7,8163,685.966386554622,2.87,3.3,43.6,51.3,95.4,0.0,0.1,3.4,0.2,0.0,0.7,3.2,2.0,23.3,74.7,44239.0,4.6,2,0.24500796275879
33011015100,NH,Hillsborough County,42.8713537,-71.618401,1,97.5,5220,277.659574468085,2.88,3.4,45.1,48.7,92.7,1.7,0.0,1.2,0.0,0.6,3.7,2.6,0.9,11.9,87.3,52338.0,2.5,1,0.191570881226054
33011015200,NH,Hillsborough County,42.8206618,-71.6042898285714,1,98.2,6034,391.818181818182,2.82,4.1,44.4,48.1,96.2,0.0,0.5,0.3,0.0,0.8,2.1,1.7,2.1,12.2,85.6,45246.0,2.4,7,1.16009280742459
33011016100,NH,Hillsborough County,,,1,94.7,3115,692.222222222222,2.69,1.7,41.4,50.4,85.6,3.6,0.0,6.1,0.0,3.5,1.3,5.9,3.1,34.1,62.7,36431.0,2.6,0,0
33011016201,NH,Hillsborough County,42.8320503333333,-71.648832,1,86.3,7014,2004.0,2.2,5.1,39.6,47.7,89.1,0.9,0.3,4.1,0.0,4.7,0.9,1.9,7.4,33.8,58.8,31672.0,4.1,3,0.427715996578272
33011016202,NH,Hillsborough County,42.81820931,-71.67394562,1,96.8,5077,291.781609195402,2.86,7.5,41.2,51.2,96.4,1.6,0.0,0.8,0.0,0.0,1.1,2.6,3.1,24.5,72.4,36605.0,2.8,1,0.196966712625566
33011017100,NH,Hillsborough County,42.7530725,-71.552967,2,94.5,7759,243.993710691824,2.59,5.6,48.8,52.9,94.1,0.4,0.1,3.2,0.0,0.0,2.2,0.2,1.5,15.3,83.1,46698.0,1.8,2,0.257765175924733
33011018000,NH,Hillsborough County,,,2,98.1,5148,260.0,3.08,3.0,41.3,48.1,97.4,0.0,0.0,0.7,0.0,0.0,1.9,0.4,2.7,20.2,77.2,46896.0,1.0,0,0
33011018501,NH,Hillsborough County,,,2,87.4,2078,301.159420289855,2.44,5.6,44.3,49.4,98.8,0.0,0.0,0.0,0.0,0.0,1.2,0.0,10.8,44.3,45.0,27868.0,9.8,0,0
33011018502,NH,Hillsborough County,,,2,87.4,1420,59.4142259414226,2.54,3.1,46.2,49.7,96.1,0.0,0.0,0.3,0.0,0.5,3.1,3.5,2.9,30.9,66.2,42218.0,13.8,0,0
33011019000,NH,Hillsborough County,42.84704454,-71.73783911,1,93.9,3677,142.519379844961,2.47,3.0,45.2,54.2,97.4,0.4,0.0,1.0,0.0,0.0,1.3,0.6,5.5,31.8,62.8,31979.0,5.4,1,0.27196083763938
33011019501,NH,Hillsborough County,,,2,90.5,1738,57.171052631579,2.6,2.6,49.8,52.5,97.4,0.5,0.0,0.8,0.5,0.2,0.6,1.2,6.2,30.9,63.0,39659.0,5.2,0,0
33011019502,NH,Hillsborough County,,,2,94.4,2463,148.373493975904,3.09,4.7,43.8,49.7,97.2,0.0,0.3,0.3,0.0,0.0,2.2,1.1,3.8,26.6,69.7,37224.0,10.5,0,0
33011020000,NH,Hillsborough County,,,3,95.6,5462,127.616822429907,2.85,2.0,41.2,51.0,99.4,0.0,0.0,0.0,0.0,0.0,0.6,0.9,4.3,22.4,73.2,45577.0,1.4,0,0
33011021000,NH,Hillsborough County,43.060688,-71.647865,3,89.9,8892,151.224489795918,2.83,1.4,38.0,47.9,96.2,0.1,0.0,0.5,0.0,1.1,2.2,1.3,5.0,27.7,67.3,42237.0,4.0,1,0.112460638776428
33011021500,NH,Hillsborough County,,,10,91.6,4784,66.4444444444444,2.5,3.3,48.4,52.6,96.0,0.6,0.3,0.0,0.0,0.0,3.1,1.5,9.0,29.5,61.5,35378.0,5.4,0,0
33011022000,NH,Hillsborough County,42.974586,-71.8775,2,88.5,1648,63.1417624521073,2.54,5.2,47.6,52.1,95.4,0.1,0.4,1.0,0.0,0.0,3.0,1.7,10.8,36.2,53.0,29750.0,6.3,3,1.82038834951456
33011022500,NH,Hillsborough County,,,10,93.9,6992,99.0368271954674,2.85,3.9,38.4,54.7,98.2,0.0,0.0,0.2,0.0,0.0,1.7,1.7,9.2,26.2,64.6,35404.0,3.6,0,0
33011023000,NH,Hillsborough County,42.8867346728571,-71.9459288185714,7,90.3,6451,171.114058355438,2.1,4.6,50.0,47.0,99.0,0.1,0.0,0.8,0.0,0.0,0.1,0.8,2.9,19.2,78.0,36575.0,7.2,14,2.17020616958611
33011024000,NH,Hillsborough County,,,8,94.7,1832,61.0666666666667,2.42,3.7,51.4,48.9,97.6,0.4,0.0,0.9,0.0,0.0,1.1,0.4,3.4,16.7,79.9,37350.0,4.5,0,0
33011025000,NH,Hillsborough County,,,10,83.9,2650,74.2296918767507,2.69,5.0,45.2,48.8,97.1,0.6,0.5,0.0,0.0,0.0,1.7,0.2,8.5,32.0,59.4,28368.0,13.1,0,0
33011025500,NH,Hillsborough County,43.11410206,-71.89920216,7,94.6,6258,120.346153846154,2.49,6.2,42.3,48.4,96.5,0.0,0.0,0.4,0.0,0.0,3.1,0.1,11.4,31.1,57.5,32401.0,6.5,1,0.159795461808885
33011200100,NH,Hillsborough County,,,1,95.1,4695,455.825242718447,2.95,2.1,41.2,48.3,95.7,0.5,0.0,1.1,0.0,0.0,2.7,1.2,8.0,32.7,59.4,38235.0,5.8,0,0
33011200200,NH,Hillsborough County,,,1,96.2,4200,512.19512195122,2.94,3.5,43.3,49.2,94.3,0.0,0.0,1.3,0.0,0.5,4.0,2.7,11.2,33.5,55.3,42372.0,2.3,0,0
33011200300,NH,Hillsborough County,42.747913,-71.2683,1,94.7,4294,550.512820512821,2.89,5.3,43.0,49.0,96.9,0.9,0.0,0.6,0.0,0.9,0.7,3.8,4.2,34.7,61.1,42575.0,7.2,1,0.232883092687471
33011200400,NH,Hillsborough County,42.9940274953571,-71.4647264235714,1,81.9,2561,4268.33333333333,1.55,5.2,39.4,59.3,89.6,3.9,1.7,1.2,0.0,0.0,3.6,14.5,14.8,23.2,62.1,20873.0,27.6,28,10.9332292073409
33011980101,NH,Hillsborough County,,,99,,0,0.0,,,,,,,,,,,,,,,0,,,0,0
33013003001,NH,Merrimack County,,,1,96.0,4055,324.4,2.5,6.1,41.4,47.5,93.5,3.4,0.1,0.8,0.0,0.0,2.2,3.1,4.9,27.1,68.0,32639.0,3.1,0,0
33013003006,NH,Merrimack County,,,1,91.2,3908,977.0,2.56,4.1,37.9,44.9,96.4,0.4,0.0,0.2,0.0,2.3,0.7,8.8,10.0,26.2,63.8,28284.0,7.3,0,0
33013003100,NH,Merrimack County,,,1,87.3,4296,211.625615763547,2.53,8.4,42.6,49.4,95.0,0.8,0.0,0.7,0.0,0.6,2.8,1.5,9.3,46.3,44.5,26085.0,11.1,0,0
33013003200,NH,Merrimack County,,,1,93.9,7116,312.105263157895,2.73,5.4,40.1,49.5,95.4,0.0,0.5,1.8,0.0,0.9,1.3,3.5,7.4,32.0,60.6,37385.0,6.8,0,0
33013030000,NH,Merrimack County,,,3,96.4,2805,90.7766990291262,2.75,4.1,44.7,49.7,96.9,0.4,0.1,0.5,0.0,0.2,1.9,1.4,3.6,24.4,72.0,39852.0,4.9,0,0
33013031001,NH,Merrimack County,43.13620398,-71.518359195,5,94.7,3766,205.792349726776,2.7,1.5,46.6,51.3,96.1,0.4,0.3,0.3,0.3,2.0,0.5,3.5,3.5,19.2,77.3,47644.0,6.8,2,0.531067445565587
33013031002,NH,Merrimack County,43.172138075,-71.534558625,4,99.4,3914,399.387755102041,2.69,2.0,46.0,49.6,94.0,0.0,0.0,3.8,0.0,0.0,2.3,0.0,2.6,21.2,76.2,40500.0,2.1,4,1.02197240674502
33013032100,NH,Merrimack County,,,4,91.9,3893,2290.0,2.57,4.5,42.3,51.5,98.3,0.5,0.0,1.2,0.0,0.0,0.0,0.3,4.3,16.6,79.2,36370.0,5.9,0,0
33013032200,NH,Merrimack County,43.19460614,-71.53041552,4,82.9,2850,2850.0,2.21,4.7,33.5,44.8,93.9,0.9,0.0,3.1,0.0,0.0,2.1,3.1,7.5,29.7,62.8,27643.0,16.7,5,1.75438596491228
33013032300,NH,Merrimack County,43.2041643457143,-71.5381089847619,4,88.6,1634,5446.66666666667,1.93,11.7,40.6,42.2,86.4,1.5,0.4,7.5,0.0,0.0,4.2,2.7,6.7,19.2,74.2,30863.0,20.1,21,12.8518971848225
33013032400,NH,Merrimack County,43.212444,-71.539154,4,88.1,3480,2900.0,1.94,2.7,32.6,46.0,93.2,2.6,0.0,0.4,0.0,1.3,2.4,2.9,3.5,22.6,73.9,22127.0,14.1,3,0.862068965517241
33013032500,NH,Merrimack County,43.1967548767442,-71.5529238883721,4,91.9,3733,287.153846153846,2.52,5.0,45.3,44.9,96.0,0.3,0.1,2.5,0.0,0.0,1.1,0.0,5.8,16.7,77.5,37406.0,11.7,43,11.518885614787
33013032600,NH,Merrimack County,43.2259691866667,-71.5483503666667,4,89.2,3833,696.909090909091,2.33,5.1,35.6,74.1,87.1,3.7,0.4,0.3,0.0,0.1,8.4,5.0,12.9,35.2,51.8,26722.0,7.1,3,0.782676754500391
33013032701,NH,Merrimack County,,,4,93.0,1781,342.5,2.87,8.1,39.9,51.1,97.1,0.0,0.0,1.3,0.0,0.0,1.6,0.7,5.3,17.7,77.0,37981.0,6.6,0,0
33013032706,NH,Merrimack County,,,4,91.8,4051,1620.4,2.6,4.4,37.9,50.1,96.1,2.6,0.1,0.0,0.0,0.2,1.0,3.7,8.9,26.6,64.5,31016.0,11.7,0,0
33013032800,NH,Merrimack County,,,4,96.9,4931,258.167539267016,2.67,2.0,42.9,48.5,94.0,0.0,0.0,5.6,0.0,0.0,0.5,0.5,5.2,14.9,79.9,44734.0,0.3,0,0
33013032900,NH,Merrimack County,43.21298,-71.51389,4,90.5,4070,3391.66666666667,1.82,7.7,42.0,43.3,77.0,1.3,0.0,14.2,0.0,3.3,4.3,2.7,10.3,33.9,55.8,28088.0,26.5,6,1.47420147420147
33013033000,NH,Merrimack County,,,5,95.4,2586,123.142857142857,2.6,2.7,44.3,52.4,99.0,0.2,0.0,0.6,0.0,0.0,0.1,1.5,5.8,28.6,65.6,39673.0,7.2,0,0
33013034000,NH,Merrimack County,,,5,93.5,4649,135.539358600583,2.59,1.2,46.2,50.0,95.8,0.0,0.0,0.7,0.0,0.2,3.3,0.0,7.8,38.1,54.1,32134.0,3.1,0,0
33013035000,NH,Merrimack County,,,6,86.1,4097,171.422594142259,2.56,7.8,43.4,49.5,96.0,1.5,0.0,1.1,0.0,0.3,1.0,1.1,9.3,35.9,54.8,27355.0,14.8,0,0
33013036000,NH,Merrimack County,,,5,91.8,5368,116.44251626898,2.65,8.1,46.4,46.3,97.7,0.0,0.0,0.0,0.0,0.0,2.3,0.0,6.3,40.2,53.6,32341.0,7.2,0,0
33013037000,NH,Merrimack County,43.342304,-71.545975,5,95.6,2203,49.7291196388262,2.45,3.9,49.0,49.5,98.3,0.8,0.0,0.7,0.0,0.2,0.0,1.5,3.8,16.6,79.6,39191.0,2.3,1,0.453926463912846
33013038000,NH,Merrimack County,,,4,88.4,3965,160.526315789474,2.76,5.1,42.3,45.8,97.7,0.3,0.2,0.5,0.0,0.2,1.2,1.3,13.3,43.5,43.2,25510.0,12.7,0,0
33013038500,NH,Merrimack County,43.325367,-71.83876,5,91.3,4756,56.8219832735962,2.52,3.5,45.1,50.7,97.4,0.6,0.2,0.0,0.0,0.1,1.7,0.9,6.0,28.2,65.8,33750.0,7.4,1,0.210260723296888
33013039000,NH,Merrimack County,43.22314025,-71.71299267,5,95.8,5601,129.055299539171,2.72,3.3,46.2,50.8,96.8,0.8,0.0,0.0,0.0,0.0,2.4,0.0,1.6,16.9,81.5,39688.0,4.3,1,0.178539546509552
33013040000,NH,Merrimack County,,,10,94.7,4891,111.159090909091,2.57,1.2,30.6,47.1,97.0,1.7,0.0,0.5,0.0,0.4,0.4,2.7,4.9,19.2,75.8,30032.0,12.1,0,0
33013040500,NH,Merrimack County,43.3082748,-72.0088109,10,92.3,5476,48.2466960352423,2.44,2.7,49.6,52.2,97.2,0.3,0.3,0.6,0.0,0.0,1.6,1.3,5.2,20.3,74.5,37575.0,4.4,2,0.365230094959825
33013041000,NH,Merrimack County,43.4167542666667,-71.9868833166667,10,94.2,4594,204.177777777778,2.12,2.5,46.3,42.7,94.7,1.7,0.3,2.3,0.0,0.0,1.0,2.6,3.3,9.4,87.3,22547.0,9.3,6,1.30605137135394
33013041500,NH,Merrimack County,,,10,91.0,3826,40.9197860962567,2.36,3.1,48.3,47.3,97.9,0.6,0.1,0.3,0.0,0.1,1.1,0.0,7.2,29.7,63.2,35016.0,6.0,0,0
33013042500,NH,Merrimack County,,,10,92.0,3957,49.1552795031056,2.4,6.4,47.4,51.8,97.3,0.3,0.0,1.3,0.0,0.0,1.1,0.8,5.6,33.6,60.8,34109.0,5.4,0,0
33013043001,NH,Merrimack County,,,7,86.4,4131,325.275590551181,2.29,7.0,38.0,47.0,98.1,0.2,0.0,0.0,0.0,0.8,0.9,3.0,10.9,39.6,49.5,23074.0,22.3,0,0
33013043002,NH,Merrimack County,43.44777382,-71.64269246,7,92.6,4309,295.13698630137,2.42,7.2,47.6,51.4,97.1,0.8,0.0,0.3,0.0,0.8,0.9,2.2,11.4,39.3,49.3,26520.0,14.7,4,0.928289626363425
33013044000,NH,Merrimack County,,,7,92.3,4821,167.395833333333,2.7,4.6,42.2,51.1,95.0,1.2,0.0,1.7,0.0,0.5,1.6,1.3,10.2,33.9,56.0,30818.0,4.9,0,0
33013044100,NH,Merrimack County,43.211403,-71.496,4,90.9,3796,584.0,2.33,8.6,42.4,46.2,83.5,8.3,0.2,4.6,0.0,0.7,2.8,0.8,8.2,34.8,57.1,26727.0,13.7,1,0.263435194942044
33013044200,NH,Merrimack County,,,1,96.1,5991,299.55,2.6,7.2,43.1,51.0,95.5,0.4,0.0,2.3,0.0,0.0,1.8,2.6,4.0,23.0,73.0,39048.0,3.0,0,0
33013044300,NH,Merrimack County,43.267254,-71.59171,4,91.2,4582,654.571428571429,2.46,5.8,37.6,47.8,90.1,5.0,0.0,1.7,0.0,0.0,3.3,2.0,11.4,24.1,64.5,31199.0,7.5,1,0.218245307725884
33015003301,NH,Rockingham County,,,1,92.9,4608,548.571428571429,2.89,4.9,39.5,47.9,96.4,0.0,0.2,1.9,0.0,0.6,0.8,2.3,3.9,22.4,73.6,34241.0,5.0,0,0
33015003302,NH,Rockingham County,42.90266125,-71.3182475,1,92.4,5104,1085.95744680851,2.75,6.9,35.8,51.1,94.9,0.5,0.0,2.2,0.0,2.1,0.3,6.0,6.2,36.3,57.4,30634.0,5.7,4,0.783699059561129
33015003400,NH,Rockingham County,,,1,86.4,5588,2660.95238095238,2.19,6.5,43.4,50.3,94.6,2.7,0.0,1.3,0.0,0.4,1.0,1.7,7.4,39.5,53.0,31842.0,6.0,0,0
33015003500,NH,Rockingham County,42.8788352,-71.3203492333333,1,91.5,5446,2593.33333333333,2.09,10.1,39.7,51.2,95.9,1.1,0.2,0.2,0.0,0.2,2.3,3.6,10.1,32.7,57.2,29960.0,9.7,3,0.550863018729343
33015003601,NH,Rockingham County,,,1,91.8,7051,993.098591549296,2.78,7.4,37.8,50.4,95.0,2.4,0.0,2.1,0.0,0.0,0.6,2.9,2.8,36.8,60.4,35326.0,12.5,0,0
33015003602,NH,Rockingham County,,,1,96.2,5458,483.008849557522,2.9,6.5,41.4,50.3,97.3,0.0,0.0,1.3,0.0,0.7,0.8,0.7,3.5,30.8,65.8,40854.0,2.6,0,0
33015003701,NH,Rockingham County,42.8603531375,-71.354874575,1,96.4,3605,751.041666666667,2.62,2.7,44.5,50.1,95.6,1.2,0.0,0.6,0.0,1.4,1.2,5.5,6.9,23.2,69.9,36727.0,3.7,8,2.21914008321775
33015003703,NH,Rockingham County,,,1,93.5,5576,395.460992907801,2.61,3.2,41.4,49.3,96.2,2.1,0.0,0.5,0.0,0.5,0.6,1.0,7.2,28.4,64.4,37540.0,2.1,0,0
33015003801,NH,Rockingham County,42.836624,-71.39333,1,97.9,4085,756.481481481481,3.06,4.5,41.4,49.1,96.5,0.0,0.0,1.8,0.0,1.7,0.0,3.0,4.1,19.7,76.2,49549.0,1.6,3,0.734394124847001
33015003802,NH,Rockingham County,,,1,93.7,4134,469.772727272727,3.04,1.8,41.1,49.9,96.1,1.2,0.0,2.3,0.0,0.3,0.2,7.2,2.6,23.9,73.5,42370.0,3.0,0,0
33015003901,NH,Rockingham County,,,1,92.6,4149,1220.29411764706,2.64,4.8,41.7,47.6,95.7,0.4,1.2,0.4,0.0,0.7,1.6,2.7,4.8,26.8,68.4,34813.0,4.4,0,0
33015003902,NH,Rockingham County,42.82898165,-71.3787347,1,93.6,3295,823.75,2.89,5.9,42.4,47.9,98.1,0.5,0.0,0.2,0.0,0.0,1.1,0.8,4.0,16.6,79.5,41284.0,2.2,2,0.606980273141123
33015004000,NH,Rockingham County,,,2,95.9,5222,207.222222222222,2.63,4.2,44.5,50.8,98.4,0.0,0.0,1.3,0.0,0.0,0.3,1.8,2.4,24.3,73.3,44133.0,2.7,0,0
33015050000,NH,Rockingham County,,,3,93.3,3914,129.174917491749,2.66,6.1,47.2,51.8,96.0,0.0,0.0,2.4,0.0,0.3,1.3,2.6,7.7,25.3,67.0,40128.0,5.4,0,0
33015051000,NH,Rockingham County,,,2,92.2,4866,187.876447876448,2.89,7.4,43.6,50.6,95.5,0.8,0.0,1.3,0.0,0.6,1.8,2.3,4.0,27.0,68.9,49449.0,3.9,0,0
33015052000,NH,Rockingham County,,,1,93.3,6231,445.071428571429,2.72,5.2,39.3,47.0,98.4,0.2,0.0,0.4,0.0,0.0,0.9,0.6,3.4,30.9,65.8,39802.0,4.6,0,0
33015053000,NH,Rockingham County,,,1,92.6,4447,380.08547008547,2.91,5.0,41.4,50.3,95.0,0.2,0.0,1.2,0.0,0.6,2.9,3.5,6.7,36.0,57.2,36771.0,3.3,0,0
33015054000,NH,Rockingham County,,,2,95.5,4505,263.450292397661,2.64,5.9,45.3,46.8,97.8,0.0,0.0,1.0,0.0,0.2,1.0,0.7,5.6,27.5,66.9,37323.0,3.0,0,0
33015055001,NH,Rockingham County,,,1,94.4,5605,327.777777777778,2.63,4.8,37.7,53.0,98.5,1.5,0.0,0.0,0.0,0.0,0.0,0.9,6.8,38.6,54.6,35936.0,6.0,0,0
33015055002,NH,Rockingham County,,,1,89.4,4652,397.606837606838,2.53,7.4,39.6,51.7,92.0,0.8,0.0,3.1,0.0,1.7,2.5,5.1,8.8,38.0,53.3,27500.0,11.5,0,0
33015056000,NH,Rockingham County,,,3,90.5,4382,86.090373280943,2.76,2.9,44.3,51.7,98.4,0.7,0.0,0.5,0.0,0.2,0.2,0.0,5.0,30.9,64.1,36909.0,4.0,0,0
33015057000,NH,Rockingham County,,,6,91.0,4271,152.535714285714,2.65,6.7,43.0,52.4,97.2,0.0,0.0,1.3,0.0,0.0,1.5,2.5,8.8,34.5,56.6,36701.0,8.1,0,0
33015058000,NH,Rockingham County,,,3,93.4,4901,105.397849462366,2.76,1.6,44.1,48.9,99.0,0.3,0.0,0.0,0.0,0.0,0.7,0.6,4.1,26.8,69.1,39886.0,2.1,0,0
33015059000,NH,Rockingham County,43.0333493,-71.0731645,2,91.3,6735,259.038461538462,2.59,2.5,42.2,49.5,95.0,0.3,0.0,0.2,0.0,0.0,4.5,0.3,10.1,27.4,62.5,31383.0,6.3,2,0.296956198960653
33015060000,NH,Rockingham County,43.0150524,-71.0517645,2,92.7,4686,278.928571428571,2.9,6.3,43.7,55.0,96.7,0.4,0.0,0.6,0.0,0.6,1.7,0.9,5.5,21.6,72.8,36446.0,8.3,1,0.213401621852326
33015061001,NH,Rockingham County,,,1,94.0,6564,501.068702290076,2.4,4.3,42.6,45.4,95.3,0.0,0.0,0.7,0.0,0.0,4.0,1.5,2.4,21.9,75.7,45044.0,6.6,0,0
33015062000,NH,Rockingham County,42.94695,-71.0098,1,94.8,2406,240.6,2.79,4.8,44.9,50.5,99.5,0.0,0.0,0.2,0.0,0.0,0.2,2.6,3.9,28.1,67.9,39474.0,3.5,1,0.415627597672486
33015062500,NH,Rockingham County,,,2,93.1,2961,149.545454545455,2.66,3.6,48.6,51.4,97.1,0.3,0.2,0.7,0.0,0.2,1.5,2.1,3.2,23.4,73.3,40503.0,4.2,0,0
33015063001,NH,Rockingham County,42.897987,-70.87057,1,87.7,3663,1077.35294117647,2.17,9.2,45.8,48.6,99.0,0.2,0.0,0.0,0.0,0.0,0.8,1.3,8.5,45.5,46.0,30593.0,6.8,1,0.273000273000273
33015063002,NH,Rockingham County,,,1,95.5,5109,928.909090909091,2.35,9.8,50.8,49.8,96.7,0.0,0.0,2.2,0.0,0.3,0.8,0.0,11.2,39.6,49.2,25722.0,11.1,0,0
33015064000,NH,Rockingham County,42.91728,-70.87825,1,98.8,2377,194.836065573771,2.64,2.3,46.1,52.3,96.8,0.2,0.2,1.6,0.0,0.0,1.3,0.0,0.7,20.4,79.0,52355.0,4.0,1,0.420698359276399
33015065001,NH,Rockingham County,42.94145155,-70.84815475,1,95.1,8035,1017.08860759494,2.36,4.9,47.8,45.2,92.2,0.8,0.0,4.1,0.0,0.2,2.7,0.2,1.1,22.1,76.9,38052.0,5.3,2,0.248911014312383
33015065005,NH,Rockingham County,,,1,95.2,2550,3187.5,2.23,4.0,48.3,49.1,96.9,0.0,0.0,2.2,0.0,0.0,0.9,0.7,2.9,25.6,71.6,43510.0,0.3,0,0
33015065006,NH,Rockingham County,,,1,93.9,1555,1555.0,2.06,6.9,55.8,49.5,97.0,0.0,0.0,1.5,0.0,0.8,0.7,0.8,1.4,15.3,83.3,41550.0,6.7,0,0
33015065007,NH,Rockingham County,42.930553,-70.81389,1,94.6,1419,1182.5,1.77,3.1,53.0,53.3,96.7,1.1,0.0,0.0,0.0,0.3,2.0,1.5,2.2,24.0,73.9,44907.0,1.5,1,0.704721634954193
33015065008,NH,Rockingham County,,,1,84.5,1657,872.105263157895,1.87,6.8,51.2,46.4,96.1,0.4,0.4,2.1,0.0,0.0,1.0,2.5,6.9,30.9,62.0,30075.0,12.2,0,0
33015066000,NH,Rockingham County,,,1,97.3,4384,315.395683453237,2.49,3.1,50.4,45.4,92.6,1.0,0.0,1.7,0.0,2.5,2.2,2.9,2.6,20.7,76.7,41194.0,5.3,0,0
33015067000,NH,Rockingham County,,,1,97.0,7361,487.483443708609,2.71,4.3,44.1,54.8,96.3,0.0,0.0,1.7,0.0,0.0,1.9,1.0,2.2,11.2,86.6,45468.0,0.3,0,0
33015067501,NH,Rockingham County,43.06476,-70.95038,1,92.8,7271,427.705882352941,2.54,5.1,36.0,49.0,89.9,0.3,0.1,4.7,0.0,0.4,4.7,3.8,7.2,21.6,71.2,32255.0,6.5,1,0.137532664007702
33015067502,NH,Rockingham County,,,1,92.1,3183,1224.23076923077,1.99,5.7,35.8,49.2,90.4,2.1,0.3,5.9,0.0,0.0,1.3,1.6,2.7,24.6,72.6,32721.0,10.7,0,0
33015069100,NH,Rockingham County,43.07654705,-70.75782775,1,97.3,4218,6025.71428571429,1.7,0.9,43.7,53.9,93.8,1.5,0.0,1.8,0.0,0.0,2.9,1.8,3.1,13.6,83.3,36047.0,5.0,8,1.89663347558084
33015069200,NH,Rockingham County,43.0723955333333,-70.7680130666667,1,91.4,2966,7415.0,1.95,1.3,34.5,54.3,90.0,4.5,0.0,2.7,0.0,0.3,2.5,0.7,0.9,9.8,89.4,41823.0,6.4,3,1.01146325016858
33015069300,NH,Rockingham County,43.0768577,-70.7669799166667,1,97.0,2129,2365.55555555556,1.98,2.6,38.7,48.0,96.0,1.4,0.0,1.7,0.0,0.0,0.9,3.3,6.1,14.7,79.2,43163.0,5.6,6,2.81822451855331
33015069700,NH,Rockingham County,43.0616532333333,-70.76870988,1,95.6,3504,1592.72727272727,2.2,3.4,50.7,46.0,90.9,1.5,0.0,3.5,0.0,0.5,3.6,2.4,4.0,13.4,82.6,44548.0,2.6,3,0.856164383561644
33015071000,NH,Rockingham County,43.0150480025,-70.767575645,1,91.9,5355,425.0,2.35,1.6,50.3,50.7,98.1,0.2,0.0,0.4,0.0,0.0,1.3,1.3,4.6,16.0,79.3,45931.0,5.1,4,0.746965452847806
33015100100,NH,Rockingham County,42.8451762,-71.2231303,1,90.5,6525,805.555555555556,2.66,4.1,46.2,50.4,96.9,0.2,0.2,0.7,0.0,0.4,1.5,1.6,5.5,32.3,62.2,40271.0,2.4,2,0.306513409961686
33015100200,NH,Rockingham County,42.79021101,-71.22018223,1,94.4,5639,1762.1875,2.66,3.1,43.9,48.9,96.4,1.2,0.0,1.9,0.0,0.0,0.5,1.3,11.0,36.5,52.4,34963.0,6.4,1,0.177336407164391
33015100301,NH,Rockingham County,42.7720031428572,-71.2498785714286,1,93.2,4543,927.142857142857,2.71,4.6,42.5,49.2,95.0,0.2,0.2,1.6,0.0,0.9,2.0,9.1,4.6,33.0,62.4,37022.0,2.0,7,1.54083204930663
33015100302,NH,Rockingham County,,,1,90.5,4361,1321.51515151515,2.41,8.3,41.1,47.9,87.6,0.4,0.0,4.5,0.0,5.7,1.8,18.9,14.2,28.3,57.5,35768.0,7.5,0,0
33015100400,NH,Rockingham County,42.76551,-71.18684,1,96.0,7792,1498.46153846154,2.4,7.2,46.2,49.9,92.9,0.5,0.0,5.2,0.0,0.3,1.1,3.5,7.6,30.5,62.0,38122.0,3.1,1,0.128336755646817
33015101100,NH,Rockingham County,42.81773,-71.096634,1,88.8,7620,718.867924528302,2.65,9.0,39.8,47.3,96.4,0.4,0.2,1.1,0.0,0.0,1.9,1.6,6.0,37.9,56.2,37121.0,4.7,1,0.131233595800525
33015102100,NH,Rockingham County,,,1,93.2,4787,483.535353535354,2.67,2.4,40.4,47.4,96.1,1.1,0.0,1.0,0.0,1.1,0.6,3.4,3.6,27.5,69.0,43938.0,5.0,0,0
33015103100,NH,Rockingham County,,,1,97.8,6829,615.225225225225,2.54,2.0,48.6,46.2,95.7,0.0,0.0,2.2,0.0,1.8,0.3,3.0,3.3,20.6,76.2,39978.0,1.8,0,0
33015104101,NH,Rockingham County,42.8724216666667,-71.1536277166667,1,92.4,4806,739.384615384615,2.36,7.2,45.2,48.0,97.9,0.4,0.1,0.4,0.0,0.0,1.2,3.2,5.8,24.2,69.9,40551.0,2.8,6,1.24843945068664
33015104102,NH,Rockingham County,42.88208944,-71.1701693,1,94.4,3747,551.029411764706,2.52,2.4,46.0,50.3,95.5,0.0,0.0,2.5,0.0,1.1,0.8,4.0,2.3,19.0,78.6,41774.0,5.5,2,0.533760341606619
33015105100,NH,Rockingham County,42.921272,-71.05545,1,92.7,6099,309.593908629442,2.49,3.3,46.3,49.5,95.9,0.0,2.4,0.8,0.0,0.0,0.9,2.1,2.6,27.7,69.8,38506.0,6.8,1,0.163961305131989
33015106101,NH,Rockingham County,,,1,97.9,7619,511.342281879195,2.88,8.7,44.0,45.9,93.6,0.7,0.0,4.0,0.0,0.0,1.7,2.5,3.5,17.4,79.0,48600.0,3.6,0,0
33015106102,NH,Rockingham County,,,1,96.6,6619,556.218487394958,2.68,1.6,42.9,50.4,94.0,0.8,0.0,2.6,0.0,0.0,2.5,0.8,4.3,20.3,75.3,55552.0,3.7,0,0
33015106200,NH,Rockingham County,42.9807141142857,-70.9467401357143,1,92.0,3882,1617.5,2.01,5.6,47.6,48.1,93.2,2.8,0.0,2.3,0.0,0.5,1.2,2.4,9.2,26.2,64.6,30026.0,13.6,14,3.60638845955693
33015106400,NH,Rockingham County,42.9778707142857,-70.925179,1,97.4,4116,1003.90243902439,2.24,2.4,47.3,48.5,98.6,0.0,0.0,0.2,0.0,0.0,1.2,2.5,4.2,16.4,79.4,40164.0,2.8,7,1.70068027210884
33015107100,NH,Rockingham County,,,1,88.3,2493,1917.69230769231,2.18,6.8,37.6,46.0,79.8,4.1,0.0,4.1,0.0,4.8,7.3,5.1,9.6,19.1,71.2,38917.0,11.7,0,0
33015107200,NH,Rockingham County,43.0525714088889,-70.7585011955555,1,93.3,5936,1041.40350877193,2.1,4.4,42.7,53.6,87.7,2.9,0.0,7.0,0.0,0.3,2.1,5.2,4.5,19.0,76.6,34852.0,5.9,18,3.03234501347709
33015107400,NH,Rockingham County,43.0652492,-70.795054,1,90.7,1147,212.407407407407,2.45,2.8,41.0,47.9,89.1,0.6,0.4,5.4,0.0,0.4,4.0,2.4,3.7,24.2,72.1,38382.0,5.3,5,4.359197907585
33015107500,NH,Rockingham County,43.041267,-70.82655,1,94.8,4622,248.494623655914,2.66,3.7,46.4,48.1,95.8,0.3,0.0,3.0,0.0,0.1,0.8,0.8,2.4,17.9,79.7,42204.0,2.0,1,0.216356555603635
33015980011,NH,Rockingham County,42.925392,-71.44961,10,,0,0.0,,,,,,,,,,,,,,,0,,,1,0
33015990000,NH,Rockingham County,,,10,,0,,,,,,,,,,,,,,,,0,,,0,0
33017080100,NH,Strafford County,43.1241885,-70.922489125,2,98.1,3041,194.935897435897,2.7,5.6,46.7,49.7,93.3,0.0,0.5,3.0,0.0,0.0,3.2,1.7,0.4,6.7,92.9,52820.0,0.8,4,1.31535679052943
33017080202,NH,Strafford County,43.141464,-70.92299,1,97.7,2547,821.612903225807,2.36,5.9,35.0,50.0,95.4,0.0,0.0,3.0,0.0,0.0,1.5,0.5,0.2,3.0,96.8,27414.0,22.1,1,0.392618767177071
33017080203,NH,Strafford County,,,1,94.9,5728,3580.0,2.45,4.8,20.0,48.7,87.2,0.7,0.0,8.2,0.0,0.8,3.0,2.8,3.7,13.2,83.0,4783.0,39.9,0,0
33017080204,NH,Strafford County,43.1358613333333,-70.92841485,1,97.2,4618,2309.0,3.48,4.6,20.5,39.6,91.7,1.8,0.0,2.4,0.0,0.5,3.6,1.9,0.0,3.1,96.8,5288.0,57.2,6,1.29926375054136
33017080500,NH,Strafford County,,,2,95.9,6232,197.215189873418,2.64,2.2,41.3,50.3,94.1,0.0,0.0,5.1,0.0,0.0,0.8,2.7,4.7,14.0,81.2,43886.0,1.6,0,0
33017081100,NH,Strafford County,43.177486715,-70.8795823483333,1,90.0,7240,1270.17543859649,2.35,6.7,35.9,49.9,87.8,3.7,0.0,5.1,0.0,0.0,3.5,2.2,8.7,22.6,68.6,30695.0,10.6,6,0.828729281767956
33017081200,NH,Strafford County,,,1,93.8,4488,880.0,2.27,7.9,49.0,43.4,96.8,0.0,0.0,2.3,0.0,0.1,0.8,0.8,6.1,19.7,74.1,40294.0,4.3,0,0
33017081300,NH,Strafford County,43.1896547989474,-70.8808418326316,1,81.7,4292,3576.66666666667,2.06,4.7,36.3,46.8,92.8,0.1,0.3,2.8,0.0,0.7,3.4,2.0,10.9,15.5,73.5,28347.0,12.5,19,4.42684063373719
33017081400,NH,Strafford County,43.19664925,-70.87426915,1,87.8,1957,1151.17647058824,2.05,4.6,30.7,54.1,83.6,1.7,0.2,3.7,0.0,0.0,10.8,1.5,7.3,20.6,72.0,28966.0,15.5,4,2.04394481349004
33017081500,NH,Strafford County,43.2034088333333,-70.8762766333333,1,88.4,5680,3786.66666666667,2.25,4.4,31.8,51.0,90.1,0.6,0.1,8.1,0.0,0.0,1.1,3.9,6.4,18.4,75.3,27374.0,16.1,12,2.11267605633803
33017081600,NH,Strafford County,43.2061856666667,-70.9075483333333,1,96.7,7093,622.19298245614,2.81,5.4,37.6,47.9,92.0,1.0,0.3,3.3,0.0,0.3,3.1,2.1,6.2,21.0,72.8,35531.0,5.0,3,0.422952206400677
33017082000,NH,Strafford County,,,1,92.6,2530,346.575342465753,2.47,3.2,44.2,47.6,94.1,2.5,0.1,0.5,0.0,0.0,2.8,2.6,4.3,26.7,69.0,32880.0,3.4,0,0
33017083001,NH,Strafford County,,,1,86.2,7033,1674.52380952381,2.6,5.6,33.1,49.8,86.3,2.3,0.0,7.9,0.0,1.2,2.4,4.8,9.5,40.3,50.2,24604.0,11.5,0,0
33017083002,NH,Strafford County,,,1,91.1,4723,843.392857142857,2.43,8.4,38.5,46.5,82.9,4.4,0.0,5.9,0.0,1.4,5.5,1.0,4.9,32.1,63.0,33764.0,8.9,0,0
33017084100,NH,Strafford County,43.287596125,-70.965269775,1,90.5,4787,583.780487804878,2.23,4.7,44.0,50.2,93.2,0.0,0.0,3.1,0.0,0.4,3.3,1.4,8.8,30.8,60.4,30093.0,5.6,4,0.83559640693545
33017084200,NH,Strafford County,,,1,89.2,7920,682.758620689655,2.35,4.7,44.1,47.3,97.2,0.4,0.2,1.1,0.0,0.0,1.0,0.0,8.4,38.8,52.8,30285.0,9.0,0,0
33017084300,NH,Strafford County,43.29668245,-70.96641665,1,87.9,6356,2270.0,2.13,3.2,41.7,49.3,92.1,1.1,0.1,2.0,0.0,1.6,3.1,2.6,17.2,41.8,41.0,22251.0,15.9,6,0.943989930774072
33017084400,NH,Strafford County,,,1,90.8,3920,2613.33333333333,2.41,9.1,36.6,47.9,94.9,1.7,0.0,0.0,0.0,0.2,3.2,6.6,10.2,30.9,58.9,26021.0,19.8,0,0
33017084500,NH,Strafford County,,,1,87.0,4232,440.833333333333,2.65,7.3,33.7,49.6,97.0,0.3,0.0,0.3,0.0,0.1,2.3,1.1,12.2,31.6,56.3,29018.0,12.1,0,0
33017084600,NH,Strafford County,43.31117,-70.998634,2,88.9,2837,244.568965517241,2.15,9.8,44.9,48.0,100.0,0.0,0.0,0.0,0.0,0.0,0.0,1.4,4.8,35.1,60.1,29587.0,8.0,13,4.58230525202679
33017085000,NH,Strafford County,,,3,90.5,8770,187.79443254818,2.65,6.3,44.3,49.6,97.1,0.0,0.1,1.9,0.0,0.0,0.9,1.8,6.4,24.9,68.7,35549.0,5.9,0,0
33017086000,NH,Strafford County,,,2,92.8,4064,82.6016260162602,2.83,7.4,45.0,51.7,96.3,1.2,0.0,0.3,0.0,0.9,1.3,5.5,2.6,18.0,79.5,37307.0,3.0,0,0
33017087000,NH,Strafford County,,,2,86.2,6827,183.521505376344,2.49,5.4,40.8,53.3,99.6,0.0,0.0,0.0,0.0,0.0,0.4,1.1,10.0,41.7,48.2,26057.0,11.5,0,0
33017088000,NH,Strafford County,43.406967,-70.98893,1,84.9,4591,138.700906344411,2.67,3.6,43.6,49.6,98.8,0.3,0.0,0.0,0.0,0.0,0.9,0.4,8.6,39.3,52.1,29668.0,6.7,1,0.217817468961011
33017088500,NH,Strafford County,,,2,93.6,4407,73.9429530201342,2.81,5.7,43.0,49.4,98.8,0.3,0.0,0.0,0.0,0.0,0.9,0.5,7.9,34.1,58.0,34462.0,5.3,0,0
33019975100,NH,Sullivan County,,,10,96.0,4248,45.0477200424178,2.56,2.3,47.6,50.9,95.2,0.7,0.2,1.0,0.0,1.3,1.5,0.5,4.2,25.1,70.8,40619.0,4.6,0,0
33019975200,NH,Sullivan County,43.509175055,-72.138287,10,91.9,4882,45.5835667600373,2.62,3.5,47.1,46.5,97.1,0.4,0.2,0.5,0.0,0.5,1.4,0.8,4.4,26.0,69.6,40166.0,3.5,2,0.409668168783286
33019975300,NH,Sullivan County,,,10,93.8,3388,160.568720379147,2.16,4.0,49.7,55.6,98.2,0.0,0.0,0.4,0.0,0.7,0.8,0.9,2.3,21.1,76.5,35905.0,4.4,0,0
33019975400,NH,Sullivan County,43.38270935,-72.1908613,7,89.7,6393,146.628440366973,2.29,4.0,44.8,47.7,92.8,0.0,2.4,2.9,0.4,0.0,1.6,0.7,12.7,35.8,51.5,27287.0,8.2,2,0.312842171124668
33019975500,NH,Sullivan County,43.2149327,-72.2167771,10,88.9,2717,27.0887337986042,2.33,5.0,48.6,49.7,96.5,0.5,0.1,0.7,0.0,0.3,1.8,1.7,10.1,35.7,54.2,31343.0,6.5,1,0.368052999631947
33019975600,NH,Sullivan County,,,8,87.1,3400,36.9565217391304,2.63,6.2,48.9,48.4,96.5,0.4,0.1,0.4,0.0,0.7,1.9,1.8,11.6,39.1,49.2,27025.0,7.8,0,0
33019975700,NH,Sullivan County,,,7,87.1,5001,139.692737430168,2.39,3.8,45.7,48.1,95.9,1.7,0.2,0.0,0.0,0.0,2.2,1.8,10.6,46.1,43.3,23614.0,13.1,0,0
33019975800,NH,Sullivan County,,,7,90.5,5219,461.858407079646,2.56,4.1,38.6,47.0,97.9,0.3,0.0,0.0,0.2,0.0,1.7,2.8,12.8,42.6,44.6,29754.0,10.0,0,0
33019975901,NH,Sullivan County,43.3800652,-72.3417668,7,90.2,4494,206.146788990826,2.41,6.2,45.9,50.3,99.3,0.2,0.0,0.4,0.0,0.0,0.0,0.0,14.9,41.1,44.0,29464.0,9.8,5,1.1125945705385
33019975902,NH,Sullivan County,43.369457,-72.33598,7,89.4,3309,334.242424242424,2.31,7.2,38.4,49.7,96.7,2.1,0.0,0.7,0.0,0.0,0.5,3.8,9.2,45.2,45.5,25379.0,23.3,2,0.604412209126624
